rank,storyline
1,A chemistry teacher diagnosed with inoperable lung cancer turns to manufacturing and selling methamphetamine with a former student to secure his family's future.
2,David Attenborough returns with a new wildlife documentary that shows life in a variety of habitats.
3,"A documentary series on the wildlife found on Earth. Each episode covers a different habitat: deserts, mountains, deep oceans, shallow seas, forests, caves, polar regions, fresh water, plains and jungles. Narrated by David Attenborough."
4,"The story of Easy Company of the U.S. Army 101st Airborne Division and their mission in World War II Europe, from Operation Overlord to V-J Day."
5,"In April 1986, the city of Chernobyl in the Soviet Union suffers one of the worst nuclear disasters in the history of mankind. Consequently, many heroes put their lives on the line in the following days, weeks and months."
6,"The Baltimore drug scene, as seen through the eyes of drug dealers and law enforcement."
7,"In a war-torn world of elemental powers, a young boy reawakens to undertake a dangerous mystic quest to fulfill his destiny as the Avatar, and bring peace to the world."
8,"New Jersey mob boss Tony Soprano deals with personal and professional issues in his home and business life that affect his mental state, leading him to seek professional psychiatric counseling."
9,"David Attenborough returns to the world's oceans in this sequel to the acclaimed documentary filming rare and unusual creatures of the deep, as well as documenting the problems our oceans face."
10,An exploration of our discovery of the laws of nature and coordinates in space and time.
11,Astronomer Carl Sagan leads us on an engaging guided tour of the various elements and cosmological theories of the universe.
12,"Explores and unravels the mystery of how and why animals migrate, showing some of the most dramatic and compelling stories in the natural world through spectacular and innovative cinematography."
13,"Nine noble families fight for control over the lands of Westeros, while an ancient enemy returns after being dormant for millennia."
14,The slice-of-life adventures of an Australian Blue Heeler Cattle Dog puppy as she has fun with her family and friends in everyday situations.
15,"26-part documentary series tracing World War II from the rise of Nazi Germany through the conflict's major campaigns and home fronts, using archival footage and firsthand interviews, narrated by Laurence Olivier."
16,Two brothers search for a Philosopher's Stone after an attempt to revive their deceased mother goes awry and leaves them in damaged physical forms.
17,"In a world where humanity shelters behind towering walls from man-eating Titans, a determined teen joins the elite Survey Corps to fight the giants and uncover the secrets of their origin."
18,"A global view of the specialized strategies and extreme behavior that living things have developed in order to survive; what Charles Darwin termed ""the struggle for existence."""
19,"Led by Michael Jordan, the 1990s Chicago Bulls establish themselves as one of the most notable dynasties in sports history."
20,"Classic American Anthology series created by Rod Serling, featuring standalone stories of science fiction, fantasy, and horror, each with a twist ending or moral lesson."
21,"A documentary series chronicling the Vietnam War through archival footage and firsthand accounts from soldiers, civilians, and leaders on all sides, tracing its origins, major events, and enduring impact on the United States and Vietnam."
22,The fractured domestic lives of a nihilistic mad scientist and his anxious grandson are further complicated by their inter-dimensional misadventures.
23,"In modern-day London, brilliant but eccentric detective Sherlock Holmes teams with war veteran Dr. John Watson to crack baffling crimes, outwit formidable foes, and aid Scotland Yard with razor-sharp deduction."
24,"Billionaire Bruce Wayne secretly operates as Batman, a vigilante who battles a rouges' gallery of criminals and supervillains in Gotham City with the aid of various sidekicks and allies."
25,"Albuquerque lawyer Jimmy McGill scrapes for clients and respect, but every win drags him closer to shady deals, dangerous players, and the alter ego Saul Goodman."
26,"Amid the stark discord of twin cities Piltover and Zaun, two sisters fight on rival sides of a war between magic technologies and clashing convictions."
27,"A mockumentary on a group of typical office workers, where the workday consists of ego clashes, inappropriate behavior, tedium and romance."
28,"Five years in the making, taking a look at the rich tapestry of life in the world's oceans."
29,Follow Jeremy Clarkson as he attempts to run a farm in the countryside.
30,"The rise and fall of Harshad Mehta, a stockbroker who single-handedly took the stock market to great heights, is depicted."
31,"Dexter Morgan awakens from a coma and sets out for New York City, determined to find Harrison and make things right. But when Miami Metro's Angel Batista arrives with questions, Dexter realizes his past is catching up to him fast."
32,"Gon Freecss aspires to become a Hunter, an exceptional being capable of greatness. With his friends and his potential, he seeks out his father, who left him when he was younger."
33,Focuses on life and the environment in both the Arctic and Antarctic.
34,A cinematic experience bringing you the most amazing human stories in the world. Humans and wildlife surviving in the most extreme environments on Earth
35,Follows two brothers from a rough London estate as they wheel and deal through a number of dodgy deals and search for the big score that'll make them millionaires.
36,A comprehensive survey of the American Civil War.
37,A renegade crew aboard a small spacecraft tries to survive as they travel the unknown parts of the galaxy and evade warring factions as well as authority agents out to get them.
38,Yilmaz and Ilkkan are two friends who are constantly fighting each other. Their greatest feature is always being able to do something that will turn their ordinary lives upside down.
39,An intelligent high school student goes on a secret crusade to eliminate criminals from the world after discovering a notebook capable of killing anyone whose name is written into it.
40,"Twin siblings Dipper and Mabel Pines spend the summer at their great-uncle's tourist trap in the enigmatic Gravity Falls, Oregon."
41,"The daily lives of healthcare professionals in a Pittsburgh hospital as they juggle personal crises, workplace politics, and the emotional toll of treating critically ill patients, revealing the resilience required in their noble calling."
42,Elf mage Frieren and her fellow adventurers have defeated the Demon King and brought peace to the land. But Frieren will long outlive the rest of her former party. How will she come to understand what life means to the people around her?
43,The continuing misadventures of neurotic New York City stand-up comedian Jerry Seinfeld and his equally neurotic New York City friends.
44,"Ten television drama films, each one based on one of the Ten Commandments."
45,"Five comedians are set tasks challenging their creativity and wit. The tasks are supervised by Alex Horne but the Taskmaster, Greg Davies, always has the final word."
46,"In January 1969, The Beatles set out to write and record new songs for their first live show in more than two years, culminating in an impromptu concert atop their Savile Row studio."
47,"Nathan Fielder uses his business degree and life experiences to, in unorthodox ways, help real small businesses turn a profit."
48,Intergalactic loners team up to track down fugitives and turn them in for cold hard cash.
49,"Anthology series in which police investigations unearth the personal and professional secrets of those involved, both within and outside the law."
50,"Various chronicles of deception, intrigue, and murder in and around frozen Minnesota. All of these tales mysteriously lead back one way or another to Fargo, North Dakota."
51,"This six-part series traces the Second World War, from the rise of the Nazis to the surrender of the Japanese, with detailed portraits of key figures."
52,A man diagnosed with Alzheimer's decides to punish criminals.
53,"Africa, the world's wildest continent. David Attenborough takes an awe-inspiring journey through one of the most diverse places in the world. We visit deserts, savannas, and jungles and meet up with some of Africa's amazing wildlife."
54,"Monkey D. Luffy, a pirate with rubber powers, forms the Straw Hat crew and sails the Grand Line, battling rivals and the World Government on a quest for the legendary treasure One Piece and the title of Pirate King."
55,Five teens from Harlem become trapped in a nightmare when they're falsely accused of a brutal attack in Central Park. Based on the true story.
56,Follows US president Josiah Bartlet and his administration as they tackle various political issues in order to maintain peace and harmony in the nation.
57,The personal and professional lives of six friends living in the Manhattan borough of New York City.
58,Five friends with big egos and small brains are the proprietors of an Irish pub in Philadelphia.
59,Former Daily Show host and correspondent John Oliver brings his persona to this weekly news satire program.
60,A story of trials and tribulations of four young entrepreneurs who quit their day jobs in order to pursue their start up venture.
61,"The peace is suddenly broken when warning sirens blare through the Soul Society. Residents are disappearing without a trace and nobody knows who's behind it. Meanwhile, a darkness is approaching Ichigo and his friends in Karakura Town."
62,"The Roy family is known for controlling the biggest media and entertainment company in the world. However, their world changes when their father steps down from the company."
63,"In Jeju, a spirited girl and a steadfast boy's island story blossoms into a lifelong tale of setbacks and triumphs, proving love endures across time."
64,"The Chosen is a historical drama based on the life of Jesus and those who knew him. Set against the backdrop of Roman oppression in first-century Israel, the series shares an authentic look at Jesus' revolutionary life and teachings."
65,Larry David stars as an over-the-top version of himself in this comedy series that shows how seemingly trivial details of day-to-day life can precipitate a catastrophic chain of events.
66,The original surreal sketch comedy showcase for the Monty Python troupe.
67,A World War II German U-Boat crew have a terrifying patrol mission in the early days of the war.
68,"BoJack Horseman was the star of the hit television show ""Horsin' Around"" in the '80s and '90s, but now he's washed up, living in Hollywood, complaining about everything, and wearing colorful sweaters."
69,"A century before GOT, Ser Duncan the Tall, and his squire, Egg, wandered through Westeros while the Targaryen dynasty ruled the Iron Throne, and dragons were still remembered. Great destinies and enemies await the incomparable friends."
70,"A comedy-drama, which captures the journey of an engineering graduate Abhishek, who for lack of a better job option joins as secretary of a Panchayat office in a remote village of Uttar Pradesh."
71,"Hotel owner Basil Fawlty's incompetence, short fuse, and arrogance form a combination that ensures accidents and trouble are never far away."
72,"Following a tragedy, Thorfinn embarks on a journey with the man responsible for it to take his life in a duel as a true and honorable warrior."
73,"With the help of the powerful Dragonballs, a team of fighters led by the saiyan warrior Goku defend the planet earth from extraterrestrial enemies."
74,"Set in quaint by-lanes in the heart of India, Gullak is a collection of disarming and relatable tales of the Mishra family."
75,"Stuck in the middle of World War I, Captain Edmund Blackadder does his best to escape the banality of the war."
76,"It is an unique and heartwarming show follows the extraordinary journey of a couple named Leyla and Mecnun. With Ali Atay portraying Mecnun and Ezgi Asaroglu as Leyla, the series has garnered a massive fan base and critical acclaim."
77,"The adventures of Earth's martial arts defender, Son Goku, continue with a new family and the revelation of his alien origins. Now Goku and his allies must defend the planet from an onslaught of new extraterrestrial enemies."
78,A high school mathlete starts hanging out with a group of burnouts while her younger brother navigates his freshman year.
79,Comedian Dave Chappelle hosts this sketch-comedy show that parodies many of the nuances of race and culture.
80,"While the arrival of wealthy gentlemen sends her marriage-minded mother into a frenzy, willful and opinionated Elizabeth Bennet matches wits with haughty Mr. Darcy."
81,An idiosyncratic FBI agent investigates the murder of a young woman in the even more idiosyncratic town of Twin Peaks.
82,"A chronicled look at the criminal exploits of Colombian drug lord Pablo Escobar, as well as the many other drug kingpins who plagued the country through the years."
83,"Five childhood friends, who all live in the same Ssangmundong neighborhood of Seoul in 1988, lean on each other to survive their challenging teen years and set a path for their futures."
84,"The personal and governmental affairs of the Julio-Claudian dynasty at the beginning of the Roman Empire, as recalled by one of its rulers."
85,"The misadventures of four foul-mouthed, dirty-minded, irreverent grade-schoolers who live in the quiet, dysfunctional mountain town of South Park, Colorado."
86,"In a city of coaching centers known to train India’s finest collegiate minds, an earnest but unexceptional student and his friends navigate campus life."
87,"Guts, a wandering mercenary, joins the Band of the Hawk after being defeated in a duel by Griffith, the group's leader and founder. Together, they dominate every battle, but something menacing lurks in the shadows."
88,Two brothers find themselves lost in a mysterious land and try to find their way home.
89,"American college football coach Ted Lasso heads to London to manage AFC Richmond, a struggling English Premier League soccer team."
90,"After discovering time travel, a university student and his colleagues must use their knowledge of it to stop an evil organization and their diabolical plans."
91,"Featuring stand-alone dramas -- sharp, suspenseful, satirical tales that explore techno-paranoia -- ""Black Mirror"" is a contemporary reworking of ""The Twilight Zone"" with stories that tap into the collective unease about the modern world."
92,"A gangster family epic set in 1900s England, centering on a gang who sew razor blades in the peaks of their caps, and their fierce boss Tommy Shelby."
93,"A man in his 40s withstands the weight of life. A woman in her 20s goes through different experiences, but also withstands the weight of her life. The man and woman get together to help each other."
94,"When death is your business, what is your life? Laced with irony and dark situational humor, the show approaches the subject of death through the eyes of the Fisher family, who owns and operates a funeral home in Los Angeles."
95,The lives of both illustrious and ordinary Romans in the last days of the Roman Republic.
96,"Follows the daily activities of the Inmates at the Oswald Maximum Security Correctional Facility (aka ""Oz"" for short), an unusual prison where its criminal inhabitants face challenges head on behind bars and do all they can to stay alive."
97,"A family saga with a supernatural twist, set in a German town where the disappearance of two young children exposes the relationships among four families."
98,"A band of mutants use their uncanny gifts to protect a world that hates and fears them; they're challenged like never before, forced to face a dangerous and unexpected new future."
99,"Jeremy, Richard and James embark on an adventure across the globe, driving new and exciting automobiles from manufacturers all over the world."
100,"Tenma, a brilliant neurosurgeon with a promising future, risks his career to save the life of a critically wounded young boy. The boy, now a charismatic young man, reappears 9 years later in the midst of a string of unusual serial murders."
101,"A gang of corrupt Los Angeles Police Department cops uses illegal methods to maintain law and order, whilst engaging in a series of undercover dealings secretly in order to get rich."
102,A chronicle of the lives of the British aristocratic Crawley family and their servants in the early twentieth century.
103,Series adapted from the award-winning play about a young woman trying to cope with life in London whilst coming to terms with a recent tragedy.
104,"Naruto Uzumaki, is a loud, hyperactive, adolescent ninja who constantly searches for approval and recognition, as well as to become Hokage, who is acknowledged as the leader and strongest of all ninja in the village."
105,"When an old enemy, the Cylons, resurface and obliterate the 12 colonies, the crew of the aged Galactica protect a small civilian fleet - the last of humanity - as they journey toward the fabled 13th colony, Earth."
106,"Two rival hockey stars at the top of their game face an unexpected challenge when they develop feelings for each other, complicating their careers and the sport's expectations."
107,Mark and Jez are a couple of twenty-something roommates who have nothing in common - except for the fact that their lives are anything but normal. Mayhem ensues as the pair strive to cope with day-to-day life.
108,"Set almost 100 years after Captain Kirk's five-year mission, a new generation of Starfleet officers sets off in the U.S.S. Enterprise-D on its own mission to go where no one has gone before."
109,"A drama about one of New York's most prestigious ad agencies at the beginning of the 1960s, focusing on one of the firm's most mysterious but extremely talented ad executives, Donald Draper."
110,"When 17-year-old Mark Grayson inherits superpowers, he becomes the superhero Invincible."
111,"Driven by a dream of revenge against those who made her an outcast in Edo-period Japan, a young warrior cuts a bloody path toward her destiny."
112,"Cult Scottish comedy about the lives of two OAP's Jack and Victor and their views on how it used to be in the old days and how bad it is now in the fictional area of Craiglang, Glasgow."
113,The satiric half-hour adventures of a working-class family in the misfit city of Springfield.
114,"Using a crack team of doctors and his wits, an antisocial maverick doctor specializing in diagnostic medicine does whatever it takes to solve puzzling cases that come his way."
115,A continuation of the Justice League animated series finds the original members of the team joined in their battle against crime and evil by dozens of other heroes from the DC comics universe.
116,"When a dynastic struggle between the collateral branches of the Kuru clan, the Kauravas and Pandavas lead them to the threshold of war, Lord Krishna decides to step in and take control of the situation."
117,"Sherlock Holmes and Dr Watson solve the mysteries of copper beeches, a Greek interpreter, the Norwood builder, a resident patient, the red-headed league, and one final problem."
118,British crime drama series following a team of elite detectives tasked with investigating police corruption.
119,"Mark leads a team of office workers whose memories have been surgically divided between their work and personal lives. When a mysterious colleague appears outside of work, it begins a journey to discover the truth about their jobs."
120,"The hosts talk about everything car-related. From new cars to how they're fueled, this show has it all."
121,"Level-headed son Michael Bluth takes over family affairs after his father is imprisoned. But the rest of his spoiled, dysfunctional family are making his job unbearable."
122,"A drama that follows the lives of the Dillon Panthers, one of the nation's best high school football teams, and their head coach Eric Taylor."
123,An anxious New Yorker attempts to give everyday advice while dealing with his own personal issues.
124,"After her husband leaves her, young mother of two Miriam ""Midge"" Maisel discovers that she has a talent for stand-up comedy. Could this be her calling?"
125,"After being given a mysterious power to control others, an outcast prince becomes the masked leader of the rebellion against an all-powerful empire."
126,The Minister for Social Affairs is continually harassed by Number 10's policy enforcer and dependent on his not-so-reliable team of civil servants.
127,"A heartwarming and emotional story about a unique set of triplets, their struggles, and their wonderful parents."
128,An inharmonious police team in Ankara Police Force and its discredited police chief fight crime.
129,"Three misfit priests and their housekeeper live on Craggy Island, not the peaceful and quiet part of Ireland that it seems to be."
130,"An adaptation of the ancient epic in which the exiled Prince Rama and his brother Laxman set out to save Rama's wife, Sita, who has been kidnapped by the demon king of Lanka Ravana."
131,"A 12-year-old boy and his best friend, a wise 28-year-old dog with magical powers, go on a series of surreal adventures in a remote future."
132,It is the story of the journey of three UPSC (public service competitive exams in India) aspirants and their friendship against all odds.
133,"Ippo, a teenage boy with a pure heart and unrelenting determination, discovers a passion for boxing after veteran fighter Takamura saves him from bullies."
134,A group of vigilantes set out to take down corrupt superheroes who abuse their superpowers.
135,"He's smart. He's lovable. He's Dexter Morgan, America's favorite serial killer, who spends his days solving crimes and his nights committing them."
136,"The post-Civil war generation of the Dutton family travels to Texas, and joins a wagon train undertaking the arduous journey west to Oregon, before settling in Montana to establish what would eventually become the Yellowstone Ranch."
137,"Ray Shoesmith is a father, ex-husband, boyfriend, brother and best friend; tough roles to juggle in the modern age. Especially, when you're also a criminal for hire."
138,"Two F.B.I. Agents, Fox Mulder the believer and Dana Scully the skeptic, investigate the strange and unexplained, while hidden forces work to impede their efforts."
139,The absurd antics of an Indiana town's public officials as they pursue sundry projects to make their city a better place.
140,"Revolves around the lives of the members of an Uber Wealthy - High Society Gujarati family of Cuffe Parade - South Mumbai, whose daughter-in-law is from a middle class Delhi background."
141,"Earn and his cousin Alfred try to make their way in the world through Atlanta's rap scene. Along the way they come face-to-face with social and economic issues touching on race, relationships, poverty, status, and parenthood."
142,"A show set in the late 1800s, revolving around the characters of Deadwood, South Dakota; a town of deep corruption and crime."
143,"The story of Saitama, a hero that does it just for fun & can defeat his enemies with a single punch."
144,Follows the political rivalries and romances of Queen Elizabeth II's reign and the events that shaped Britain for the second half of the 20th century.
145,"Hercule Poirot, a famous Belgian detective, who has an impeccable knack for getting embroiled in a mystery, solves crimes along with Captain Hastings and Scotland Yard Chief Inspector James Japp."
146,A Congressman works with his equally conniving wife to exact revenge on the people who betrayed him.
147,"The travels of a lone bounty hunter in the outer reaches of the galaxy, far from the authority of the New Republic."
148,"A blind lawyer by day, vigilante by night. Matt Murdock fights the crime of New York as Daredevil."
149,"It is 1981 and Ritchie, Roscoe and Colin begin a new life in London. Strangers at first, these lads and Jill find themselves thrown together. But a new virus is on the rise, and soon their lives will be tested in ways they never imagined."
150,"When a body is found on the bridge between Denmark and Sweden, right on the border, Danish inspector Martin Rohde and Swedish Saga Norén have to share jurisdiction and work together to find the killer."
151,A caveman and a dinosaur bond over unfortunate tragedies and become each other's only hope of survival in a treacherous world.
152,"In the late 1970s, two FBI agents broaden the realm of criminal science by investigating the psychology behind murder and end up getting too close to real-life monsters."
153,Two former Texas Rangers renew their spirit of adventure as they and several other residents of a small Texas town join a cattle drive to the Montana Territory.
154,"Bumbling, childlike Mr. Bean has trouble completing the simplest of day-to-day tasks, but his perseverance and resourcefulness frequently allow him to find ingenious ways around problems."
155,"In the Tudor court of Elizabeth I, Lord Edmund Blackadder strives to win Her Majesty's favour while attempting to avoid a grisly fate should he offend her."
156,"Determined to be like the volleyball championship's star player nicknamed ""the small giant"", Shoyo joins his school's volleyball club."
157,"When a mysterious European ship is found marooned in a nearby Japanese fishing village, Lord Yoshii Toranaga discovers secrets that could tip the scales of power and devastate his enemies."
158,The absolute top secret love story of a chaebol heiress who made an emergency landing in North Korea because of a paragliding accident and a North Korean special officer who falls in love with her and who is hiding and protecting her.
159,Oscar-winning producer Albert S. Ruddy's never-before-revealed experiences of making The Godfather (1972).
160,"A very unique and captivating series about the ""bureau des légendes"", the mythical powerhouse within the French Secret Service and its dare devil ghost agents."
161,"In the New York of the late '80s and early '90s, this is a story of ball culture and the gay and trans community, the raging AIDS crisis, and capitalism."
162,"The misadventures of a poor, homeless, fumbling boy and his friends in their humble neighborhood."
163,"Sherlock Holmes and Dr Watson solve the mysteries of the devil's foot, Silver Blaze, Wisteria Lodge and the Bruce-Partington Plans."
164,"The Right Honorable James Hacker has landed the plum job of Cabinet Minister to the Department of Administration. At last he is in a position of power and can carry out some long-needed reforms, or so he thinks."
165,"In 1980s Indiana, a group of young friends witness supernatural forces and secret government exploits. As they search for answers, the children unravel a series of extraordinary mysteries."
166,Ciro disregards tradition in his attempt to become the next boss of his crime syndicate. The internal power struggle puts him and his entire family's life at risk.
167,"Filmmaker Andrew Jarecki examines the complicated life of reclusive real estate icon Robert Durst, the key suspect in a series of unsolved crimes."
168,A series of colorized archive footage of important events during World War II.
169,"In the Regency era, Mr E. Blackadder serves as butler to the foppish numskull Prince George amidst the fads and crazes of the time."
170,"In an era filled with danger, deception, and intrigue, Cassian Andor embarks on a path that is destined to turn him into a Rebel hero."
171,"Following the events of The Batman (2022), Oz Cobb, a.k.a. the Penguin, makes a play to seize the reins of the crime world in Gotham."
172,The adventures of a young orphan girl living in late-19th-century Canada. Follow Anne as she learns to navigate her new life on Prince Edward Island in this new take on L.M. Montgomery's classic novels.
173,"A newsroom undergoes some changes in its workings and morals as a new team is brought in, bringing unexpected results for its existing news anchor."
174,An American police procedural television series chronicling the work of a fictional version of the Baltimore Police Department's Homicide Unit.
175,The crew of a damaged deep space freighter are stranded on a beautiful but dangerous planet.
176,An Atlantic City politician plays both sides of the law by conspiring with gangsters during the Prohibition era.
177,"A live weekly show in which a band of professional voice actors improvise, role-play, and roll their way through an epic Dungeons and Dragons campaign."
178,Covert black ops and espionage take a back seat to zany personalities and relationships between secret agents and drones.
179,"The series takes viewers to the epicenter of America's struggle with opioid addiction, from the boardrooms of Purdue Pharma, to a distressed Virginia mining community, to the hallways of the DEA."
180,"In the not-too-distant future Joel Robinson is held captive by Dr. Forrester and TV's Frank, forced to watch B-Grade movies on the Satellite of Love with the help of his robot friends: Cambot, Gypsy, Tom Servo and Crow T. Robot."
181,"Through the lens of a 90s kid, we witness a family navigate through the ups and downs of life during this magical and nostalgic era."
182,"Enforcing his own brand of justice, U.S. Marshal Raylan Givens, a strong-willed, quiet law-man haunted by his past, returns to his native town to see that justice is served to those in need."
183,TV series featuring the classic Looney Tunes animated shorts.
184,"A comedy panel game in which being Quite Interesting is more important than being right. Sandi Toksvig is joined each week by four comedians to share anecdotes and trivia, and maybe answer some questions as well."
185,"A family is attacked by demons and only two members survive - Tanjiro and his sister Nezuko, who is turning into a demon slowly. Tanjiro sets out to become a demon slayer to avenge his family and cure his sister."
186,Teenage superheroes strive to prove themselves as members of the Justice League.
187,"Following the destruction of the Twelve Colonies of Kobol by the Cylons, a rag-tag fugitive fleet of the last remnants of mankind flees the pursuing Cylons while simultaneously searching for their true home: Earth."
188,"A young martial artist named Goku teams up with inventor Bulma and other quirky allies on a globe-trotting quest to find the seven Dragon Balls, mystical orbs that can summon a wish-granting dragon."
189,"Set from 1965 into the 1970s, the show follows Endeavour Morse in his early years as a police constable. Working alongside his senior partner DI Fred Thursday, Morse engages in a number of investigations around Oxford."
190,"The bizarre escapades of pseudo-heroic scientist Dr. Rusty Venture, his competent, high-strung bodyguard, and his two overenthusiastic sons."
191,Seven of the most formidable heroes form arguably the most powerful team ever.
192,A look into the nightly lives of four vampires who have lived together on Staten Island for over a century.
193,James Hacker was propelled along the corridors of power to the very pinnacle of politics - Number 10.
194,"Dragon Ball tells the tale of a young warrior by the name of Son Goku, a young peculiar boy with a tail who embarks on a quest to become stronger and learns of the Dragon Balls, when, once all 7 are gathered, grant any wish of choice."
195,"Flashing between past and present, a fractured family confronts haunting memories of their old home and the terrifying events that drove them from it."
196,"Fuu, a waitress who works in a teahouse, rescues two master swordsmen, Mugen and Jin, from their execution to help her find the ""samurai who smells of sunflowers."""
197,"A historical fiction drama and thriller set in the turbulent period of the late 1920s in the Balkans as a place where high politics, local interests, capital and crime all merge together."
198,"Bret and Jemaine are Flight of the Conchords, a folk-rock band from New Zealand living in New York City in search of stardom."
199,"The comedic misadventures of Roy, Moss and their grifting supervisor Jen, a rag-tag team of IT support workers at a large corporation headed by a hotheaded yuppie."
200,The surreal misadventures of two best friends--a blue jay and a raccoon--as they seek to liven up their mundane jobs as groundskeepers at the local park.
201,"A working man from the National Investigation Agency tries to protect the nation from terrorism, but he also needs to keep his family safe from his secret job."
202,"The lives of two eccentric metal detectorists, who spend their days plodding along ploughed tracks and open fields, hoping to disturb the tedium by unearthing the fortune of a lifetime."
203,"The story of two extraordinary men, Dr. Homi Jehangir Bhabha and Dr. Vikram Ambalal Sarabhai, who created history while building India's future."
204,Six best friends talk about all aspects of sex and relationships on their never-ending quest to find true love.
205,"Orphaned at the tender age of nine, prodigious introvert Beth Harmon discovers and masters the game of chess in 1960s USA. But child stardom comes at a price."
206,"Elliot, a brilliant but unstable cyber-security engineer and vigilante hacker, becomes a key figure in a complex game of global chaos when he and his shadowy allies try to take down the corrupt corporation his company is paid to protect."
207,"A failed television presenter, now presenting a programme on local radio desperately tries to revive his broadcasting career."
208,"A samurai, sent through time, fights to return home and save the world."
209,Yorkshire-based crime drama centering on the personal and professional life of Police Sergeant Catherine Cawood.
210,"Betrayed by his trusted friends and the woman he loved, Ömer Uçar returns as Ezel to exact his vengeance."
211,Nathan Fielder gives people a chance to rehearse for their own lives in a world where nothing ever works out as expected.
212,"Ewan McGregor and Charley Boorman embark on a grueling quest to motorbike from London to New York. Going east through Europe, Asia and then to Alaska, they experience different cultures and have to overcome the elements and adversity."
213,"Filmed over a 10-year period, Steven Avery, a DNA exoneree who, while in the midst of exposing corruption in local law enforcement, finds himself the prime suspect in a grisly new crime."
214,The personal exploits of a 16-year-old girl and her family and friends during the Troubles in the early 1990s in Northern Ireland.
215,"A psychic middle school boy tries to live a normal life and keep his growing powers under control, even though he constantly gets into trouble."
216,Picks up 25 years after the inhabitants of a quaint northwestern town are stunned when their homecoming queen is murdered.
217,"Friends Tim and Daisy, 20-something North Londoners with uncertain futures, must pretend to be a couple to live in the only apartment they can afford."
218,"Q, Sal, Joe and Murr are real-life best friends who love challenging each other to the most outrageous dares and stunts ever caught on hidden camera."
219,A biker struggles to balance being a father and being involved in an outlaw motorcycle club.
220,Improvisational comedy competition show in which four members of the regular cast as comedians and often with guest appearances with other comedians and celebrities and members of the audience perform various comic games and sketches.
221,"Set in a fictional country called Daeho, it is about the love and growth of young mages as they overcome their twisted fates due to a forbidden magic spell known as the ""alchemy of souls"", which allows souls to switch bodies."
222,"James Herriot, fresh out of Glasgow Veterinary College, pursues his dream to become a vet in the Yorkshire Dales. He discovers that treating the animals is as much about treating their owners, and the Dales' farmers are a tough to please."
223,Follows the adventures of Sung Jinwoo in a world that is constantly threatened by monsters and evil forces. In his battles Sung transforms himself from the weakest hunter of all mankind to one of the strongest hunters in existence.
224,A diverse group of immigrants and foreigners learn English at an adult education school in London.
225,A boy swallows a cursed talisman - the finger of a demon - and becomes cursed himself. He enters a shaman's school to be able to locate the demon's other body parts and thus exorcise himself.
226,"The life of Louie C.K., a divorced comedian living in New York with two kids."
227,"In a post-cataclysmic future, reluctant teen Shinji Ikari is called by his estranged father to pilot an Evangelion for NERV, humanity's last defense against invading Angels threatening Tokyo-3."
228,"Morgan Freeman explores humanity's biggest questions: our composition, what preceded existence, if we're alone in the universe, and whether there's a creator - mysteries that have challenged our greatest minds."
229,A ranching family in Montana faces off against others encroaching on their land.
230,"Eric Andre tries to host a talk show in a bizarre environment, where he is sometimes the player of pranks and sometimes the victim."
231,A woman recounts the lifelong friendship and conflicts with a girl she met at primary school in Naples during the early 1950s.
232,"Fionna, her best friend Cake and the former Ice King, Simon Petrikov, embark on an adventure through the multiverse, dodging new threats and making self-discoveries along the way."
233,Three petty felons have a documentary made about their life in a trailer park.
234,The story of an office that faces closure when the company decides to downsize its branches. A documentary film crew follow staff and the manager David Brent as they continue their daily lives.
235,"After being a victim of fraud, Johnny Rose and his family go from extremely wealthy to penniless overnight. The only asset left to them is a small, unsophisticated town: Schitt's Creek. They relocate there. Culture shock ensues."
236,Bakers attempt three challenges each week trying to impress the judges enough to go through to the next round and eventually are crowned Britain's best amateur baker.
237,"The disappearance of rich-girl-turned-political-activist links the lives of Ceres detective, accidental ship captain and U.N. politician. Amidst political tension between Earth, Mars and the Belt, they unravel the greatest conspiracy."
238,"In the era of Japan's Meiji Restoration, an assassin regains his humanity."
239,"Follows the struggle of Richard Hendricks, a Silicon Valley engineer trying to build his own company called Pied Piper."
240,"In an era where aliens have invaded and taken over feudal Tokyo, an unemployed samurai finds work however he can."
241,"Controversial spoof of current affairs television, and the role of celebrity in the UK."
242,A young chef from the fine dining world returns to Chicago to run his family's sandwich shop.
243,The life and times of the rather traditional Sutcuoglu family and their comedic struggles to adapt the high-profile contemporary life of Nisantasi.
244,A piano prodigy who lost his ability to play after suffering a traumatic event in his childhood is forced back into the spotlight by an eccentric girl with a secret of her own.
245,Brothers Huey and Riley Freeman experience a culture clash when they leave Chicago to move in with their grandfather in the suburbs.
246,"When a failed alchemical ritual leaves brothers Edward and Alphonse Elric with severely damaged bodies, they begin searching for the one thing that can save them: the fabled philosopher's stone."
247,"As WWII rages, DCS Foyle fights his own war on the home-front; investigating crime on the south coast of England. Later series, see the retired detective working as an MI5 agent in the aftermath of the war."
248,"""Sparkling Watermelon"" will tell the story of a boy living a double life between a model student and a band member who gets to time slip and meets his 18-year-old father. The two will build friendships there."
249,"Philip J. Fry, a pizza delivery boy, is accidentally frozen in 1999 and thawed out on New Year's Eve 2999."
250,Explores the early relationship between renowned psychiatrist Hannibal Lecter and a young FBI criminal profiler who is haunted by his ability to empathize with serial killers.